paper_id,year
2301.05327,2023
2301.12050,2023
2302.00763,2023
2302.04761,2023
2302.05507,2023
2302.06692,2023
2302.10646,2023
2302.10850,2023
2302.11649,2023
2303.00855,2023
2303.03480,2023
2303.08268,2023
2303.09031,2023
2303.11366,2023
2303.11381,2023
2303.17071,2023
2303.17491,2023
2303.17580,2023
2303.17760,2023
2304.00116,2023
2304.00416,2023
2304.04370,2023
2304.05332,2023
2304.07297,2023
2304.08103,2023
2304.08244,2023
2304.09349,2023
2304.09842,2023
2304.09991,2023
2304.12995,2023
2304.14721,2023
2305.02412,2023
2305.05091,2023
2305.05658,2023
2305.08291,2023
2305.08844,2023
2305.09067,2023
2305.10865,2023
2305.11598,2023
2305.12487,2023
2305.13068,2023
2305.13168,2023
2305.13657,2023
2305.13660,2023
2305.13829,2023
2305.14992,2023
2305.15017,2023
2305.15064,2023
2305.15334,2023
2305.16653,2023
2305.16986,2023
2305.17066,2023
2305.17144,2023
2305.17390,2023
2305.18323,2023
2305.19118,2023
2305.19165,2023
2305.19308,2023
2305.19933,2023
2306.01337,2023
2306.01729,2023
2306.03460,2023
2306.07209,2023
2306.07906,2023
2306.07929,2023
2306.08129,2023
2306.09299,2023
2306.10322,2023
2306.10765,2023
2306.15724,2023
2306.16092,2023
2307.02485,2023
2307.05973,2023
2307.06082,2023
2307.06187,2023
2307.07162,2023
2307.07697,2023
2307.07924,2023
2307.12856,2023
2308.01404,2023
2308.01423,2023
2308.01552,2023
2308.01734,2023
2308.02151,2023
2308.05361,2023
2308.05481,2023
2308.05935,2023
2308.06212,2023
2308.06391,2023
2308.08043,2023
2308.08155,2023
2308.10144,2023
2308.10848,2023
2308.11601,2023
2308.11730,2023
2308.12086,2023
2308.12519,2023
2308.12923,2023
2308.15214,2023
2309.00986,2023
2309.01352,2023
2309.05076,2023
2309.08112,2023
2309.08172,2023
2309.08949,2023
2309.11382,2023
2309.11436,2023
2309.12161,2023
2309.12276,2023
2309.12309,2023
2309.12311,2023
2309.13007,2023
2309.16090,2023
2309.16292,2023
2309.17176,2023
2309.17179,2023
2309.17234,2023
2309.17452,2023
2310.00092,2023
2310.00280,2023
2310.00322,2023
2310.01320,2023
2310.01420,2023
2310.01444,2023
2310.01627,2023
2310.01957,2023
2310.02071,2023
2310.02118,2023
2310.02124,2023
2310.02170,2023
2310.02264,2023
2310.02374,2023
2310.02804,2023
2310.03026,2023
2310.03293,2023
2310.03714,2023
2310.03903,2023
2310.04406,2023
2310.05029,2023
2310.05036,2023
2310.05146,2023
2310.05421,2023
2310.05746,2023
2310.05915,2023
2310.06272,2023
2310.07889,2023
2310.07968,2023
2310.08101,2023
2310.08535,2023
2310.08740,2023
2310.08885,2023
2310.09233,2023
2310.09536,2023
2310.10467,2023
2310.10586,2023
2310.10645,2023
2310.10686,2023
2310.10701,2023
2310.11954,2023
2310.12821,2023
2310.13227,2023
2310.13549,2023
2310.14403,2023
2310.14985,2023
2310.15127,2023
2310.15166,2023
2310.16340,2023
2310.16427,2023
2310.17140,2023
2310.17512,2023
2310.17749,2023
2310.18075,2023
2310.19998,2023
2310.20151,2023
2311.00262,2023
2311.00416,2023
2311.03220,2023
2311.04928,2023
2311.05437,2023
2311.05584,2023
2311.05657,2023
2311.05772,2023
2311.06330,2023
2311.06622,2023
2311.07076,2023
2311.07590,2023
2311.07850,2023
2311.08166,2023
2311.08803,2023
2311.09510,2023
2311.09618,2023
2311.09721,2023
2311.09818,2023
2311.10537,2023
2311.10813,2023
2311.11904,2023
2311.12871,2023
2311.17227,2023
2311.17371,2023
2311.17842,2023
2311.18751,2023
2312.00326,2023
2312.01090,2023
2312.03022,2023
2312.03664,2023
2312.04372,2023
2312.04854,2023
2312.04889,2023
2312.06351,2023
2312.06677,2023
2312.07540,2023
2312.07559,2023
2312.08926,2023
2312.10003,2023
2312.11242,2023
2312.11282,2023
2312.11671,2023
2312.12009,2023
2312.13010,2023
2312.13545,2023
2312.13876,2023
2312.17025,2023
2312.17180,2023
2312.17515,2023
2401.01614,2024
2401.02777,2024
2401.02870,2024
2401.03388,2024
2401.03408,2024
2401.03945,2024
2401.04259,2024
2401.05268,2024
2401.05443,2024
2401.05507,2024
2401.05799,2024
2401.06201,2024
2401.06603,2024
2401.07128,2024
2401.07324,2024
2401.08315,2024
2401.08392,2024
2401.08577,2024
2401.09334,2024
2401.12178,2024
2401.12963,2024
2401.13256,2024
2401.13649,2024
2401.13919,2024
2401.14016,2024
2401.14151,2024
2401.14589,2024
2401.15724,2024
2401.16107,2024
2401.16158,2024
2401.16788,2024
2401.17244,2024
2401.17464,2024
2402.00798,2024
2402.01030,2024
2402.01053,2024
2402.01118,2024
2402.01135,2024
2402.01469,2024
2402.01521,2024
2402.01586,2024
2402.01698,2024
2402.01704,2024
2402.01737,2024
2402.01750,2024
2402.01788,2024
2402.02330,2024
2402.02643,2024
2402.03299,2024
2402.03610,2024
2402.03659,2024
2402.03719,2024
2402.03877,2024
2402.04253,2024
2402.04268,2024
2402.04411,2024
2402.04559,2024
2402.04636,2024
2402.05188,2024
2402.05547,2024
2402.05733,2024
2402.05863,2024
2402.05930,2024
2402.06529,2024
2402.06634,2024
2402.07204,2024
2402.07401,2024
2402.07872,2024
2402.08392,2024
2402.09205,2024
2402.09216,2024
2402.09727,2024
2402.09742,2024
2402.10051,2024
2402.10153,2024
2402.10178,2024
2402.10294,2024
2402.10670,2024
2402.10890,2024
2402.11163,2024
2402.11359,2024
2402.11451,2024
2402.11453,2024
2402.11489,2024
2402.11534,2024
2402.11550,2024
2402.11571,2024
2402.11712,2024
2402.11770,2024
2402.11941,2024
2402.12212,2024
2402.12234,2024
2402.12275,2024
2402.12326,2024
2402.12327,2024
2402.12556,2024
2402.12914,2024
2402.13184,2024
2402.13212,2024
2402.13225,2024
2402.13448,2024
2402.13547,2024
2402.14207,2024
2402.14320,2024
2402.14658,2024
2402.14672,2024
2402.14744,2024
2402.14851,2024
2402.14871,2024
2402.14891,2024
2402.15057,2024
2402.15610,2024
2402.15809,2024
2402.15813,2024
2402.16333,2024
2402.16823,2024
2402.17505,2024
2402.17531,2024
2402.17574,2024
2402.17879,2024
2402.17930,2024
2402.19446,2024
2403.00810,2024
2403.00820,2024
2403.00823,2024
2403.01248,2024
2403.02502,2024
2403.02574,2024
2403.02713,2024
2403.02959,2024
2403.03031,2024
2403.03101,2024
2403.03141,2024
2403.03481,2024
2403.04123,2024
2403.04382,2024
2403.04746,2024
2403.04783,2024
2403.05468,2024
2403.05534,2024
2403.06221,2024
2403.07376,2024
2403.08140,2024
2403.08978,2024
2403.09498,2024
2403.10517,2024
2403.10779,2024
2403.11381,2024
2403.11886,2024
2403.11905,2024
2403.12482,2024
2403.13002,2024
2403.13313,2024
2403.13433,2024
2403.14403,2024
2403.14443,2024
2403.14589,2024
2403.15371,2024
2403.15434,2024
2403.15464,2024
2403.15729,2024
2403.16854,2024
2403.17246,2024
2403.17359,2024
2403.18802,2024
2403.19305,2024
2403.19322,2024
2403.19839,2024
2403.19962,2024
2404.00246,2024
2404.01342,2024
2404.01343,2024
2404.01744,2024
2404.02183,2024
2404.03648,2024
2404.04292,2024
2404.04735,2024
2404.05569,2024
2404.05902,2024
2404.06413,2024
2404.06762,2024
2404.07103,2024
2404.07439,2024
2404.07677,2024
2404.07738,2024
2404.07963,2024
2404.09077,2024
2404.09127,2024
2404.09248,2024
2404.09339,2024
2404.10887,2024
2404.11446,2024
2404.13050,2024
2404.14394,2024
2404.14741,2024
2404.14777,2024
2404.15155,2024
2404.15190,2024
2404.15219,2024
2404.15488,2024
2404.15923,2024
2404.16698,2024
2404.17460,2024
2404.17525,2024
2404.17662,2024
2404.18021,2024
2404.18081,2024
2404.18130,2024
2404.18243,2024
2404.18638,2024
2404.19065,2024
2404.19705,2024
2404.19721,2024
2405.00273,2024
2405.00461,2024
2405.00516,2024
2405.00972,2024
2405.01359,2024
2405.01593,2024
2405.01868,2024
2405.02858,2024
2405.04118,2024
2405.04219,2024
2405.04325,2024
2405.05955,2024
2405.06691,2024
2405.08888,2024
2405.10292,2024
2405.10620,2024
2405.11403,2024
2405.11640,2024
2405.11804,2024
2405.12035,2024
2405.12147,2024
2405.13009,2024
2405.13021,2024
2405.13028,2024
2405.13034,2024
2405.14125,2024
2405.14205,2024
2405.14314,2024
2405.15784,2024
2405.15793,2024
2405.16205,2024
2405.16247,2024
2405.16376,2024
2405.16510,2024
2405.16533,2024
2405.17402,2024
2405.17441,2024
2405.18113,2024
2405.18208,2024
2405.18358,2024
2405.19425,2024
2405.19487,2024
2405.20252,2024
2405.20267,2024
2405.20309,2024
2405.20347,2024
2405.20770,2024
2406.00033,2024
2406.00922,2024
2406.01014,2024
2406.01422,2024
2406.02795,2024
2406.02818,2024
2406.03008,2024
2406.03075,2024
2406.03486,2024
2406.04151,2024
2406.04712,2024
2406.06799,2024
2406.06910,2024
2406.07054,2024
2406.07080,2024
2406.07115,2024
2406.07155,2024
2406.08979,2024
2406.09988,2024
2406.10478,2024
2406.10803,2024
2406.10918,2024
2406.10958,2024
2406.11176,2024
2406.11231,2024
2406.11277,2024
2406.11317,2024
2406.11514,2024
2406.11555,2024
2406.11709,2024
2406.11776,2024
2406.11978,2024
2406.12125,2024
2406.12197,2024
2406.12276,2024
2406.12639,2024
2406.12651,2024
2406.12692,2024
2406.12708,2024
2406.13163,2024
2406.13381,2024
2406.13408,2024
2406.13840,2024
2406.13890,2024
2406.14373,2024
2406.14550,2024
2406.14928,2024
2406.14938,2024
2406.15363,2024
2406.16620,2024
2406.16714,2024
2406.16903,2024
2406.17231,2024
2406.17755,2024
2406.17987,2024
2406.18082,2024
2406.18532,2024
2406.18702,2024
2406.19226,2024
2406.19228,2024
2406.19643,2024
2406.19966,2024
2407.00476,2024
2407.00541,2024
2407.00632,2024
2407.00942,2024
2407.01093,2024
2407.01231,2024
2407.01476,2024
2407.01824,2024
2407.01887,2024
2407.02483,2024
2407.02736,2024
2407.03884,2024
2407.03956,2024
2407.04472,2024
2407.05674,2024
2407.05890,2024
2407.06426,2024
2407.06567,2024
2407.07061,2024
2407.08095,2024
2407.09886,2024
2407.09893,2024
2407.09897,2024
2407.10718,2024
2407.11014,2024
2407.11384,2024
2407.11417,2024
2407.11549,2024
2407.12366,2024
2407.12532,2024
2407.12821,2024
2407.12861,2024
2407.12871,2024
2407.13943,2024
2407.14402,2024
2407.14414,2024
2407.14521,2024
2407.15073,2024
2407.15711,2024
2407.16252,2024
2407.16521,2024
2407.16667,2024
2407.16741,2024
2407.17695,2024
2407.18035,2024
2407.20183,2024
2407.21024,2024
2407.21040,2024
2407.21051,2024
2407.21170,2024
2408.00203,2024
2408.00727,2024
2408.00948,2024
2408.01380,2024
2408.01633,2024
2408.01779,2024
2408.01869,2024
2408.02559,2024
2408.03615,2024
2408.03631,2024
2408.03910,2024
2408.04472,2024
2408.05346,2024
2408.06292,2024
2408.06458,2024
2408.06520,2024
2408.06849,2024
2408.07060,2024
2408.07531,2024
2408.08054,2024
2408.08089,2024
2408.08688,2024
2408.08926,2024
2408.09559,2024
2408.09785,2024
2408.10635,2024
2408.11021,2024
2408.11051,2024
2408.11058,2024
2408.11788,2024
2408.12036,2024
2408.12142,2024
2408.13378,2024
2408.14033,2024
2408.14307,2024
2408.15232,2024
2408.15512,2024
2408.15836,2024
2408.15879,2024
2408.16081,2024
2408.16586,2024
2408.16991,2024
2409.00054,2024
2409.00135,2024
2409.00557,2024
2409.00608,2024
2409.00985,2024
2409.01392,2024
2409.01575,2024
2409.01854,2024
2409.03166,2024
2409.03256,2024
2409.03440,2024
2409.03512,2024
2409.04181,2024
2409.04617,2024
2409.05556,2024
2409.06205,2024
2409.07372,2024
2409.07429,2024
2409.07497,2024
2409.08069,2024
2409.08406,2024
2409.09013,2024
2409.09040,2024
2409.09584,2024
2409.09662,2024
2409.09717,2024
2409.10372,2024
2409.11279,2024
2409.11411,2024
2409.12147,2024
2409.12294,2024
2409.12411,2024
2409.12618,2024
2409.13445,2024
2409.13449,2024
2409.13537,2024
2409.13740,2024
2409.13753,2024
2409.14051,2024
2409.14913,2024
2409.15084,2024
2409.15364,2024
2409.15376,2024
2409.15515,2024
2409.15594,2024
2409.16120,2024
2409.16220,2024
2409.16686,2024
2409.16783,2024
2409.17213,2024
2409.18073,2024
2409.18335,2024
2409.18345,2024
2409.18924,2024
2409.19006,2024
2409.19338,2024
2409.19471,2024
2410.00031,2024
2410.00354,2024
2410.01039,2024
2410.01215,2024
2410.01242,2024
2410.01428,2024
2410.01450,2024
2410.01555,2024
2410.01791,2024
2410.02026,2024
2410.02052,2024
2410.02089,2024
2410.02165,2024
2410.02507,2024
2410.02551,2024
2410.02603,2024
2410.02730,2024
2410.02742,2024
2410.02787,2024
2410.02810,2024
2410.02958,2024
2410.03439,2024
2410.03770,2024
2410.04112,2024
2410.04452,2024
2410.04753,2024
2410.05821,2024
2410.06153,2024
2410.06384,2024
2410.06949,2024
2410.07076,2024
2410.07561,2024
2410.07677,2024
2410.07706,2024
2410.08115,2024
2410.08143,2024
2410.08164,2024
2410.08328,2024
2410.08475,2024
2410.08632,2024
2410.09034,2024
2410.09252,2024
2410.09403,2024
2410.09407,2024
2410.09631,2024
2410.09824,2024
2410.10270,2024
2410.10871,2024
2410.11239,2024
2410.11507,2024
2410.12532,2024
2410.12848,2024
2410.12853,2024
2410.12868,2024
2410.13181,2024
2410.13185,2024
2410.13232,2024
2410.13610,2024
2410.13757,2024
2410.13825,2024
2410.14026,2024
2410.14041,2024
2410.14141,2024
2410.14152,2024
2410.14251,2024
2410.14262,2024
2410.14594,2024
2410.14627,2024
2410.15168,2024
2410.15281,2024
2410.15311,2024
2410.15625,2024
2410.16232,2024
2410.16322,2024
2410.16400,2024
2410.16456,2024
2410.16658,2024
2410.16919,2024
2410.17236,2024
2410.17238,2024
2410.17462,2024
2410.17657,2024
2410.18032,2024
2410.18792,2024
2410.18963,2024
2410.18975,2024
2410.19727,2024
2410.19811,2024
2410.19848,2024
2410.20007,2024
2410.20624,2024
2410.20666,2024
2410.20746,2024
2410.20753,2024
2410.21067,2024
2410.21312,2024
2410.21741,2024
2410.21784,2024
2410.21909,2024
2410.22457,2024
2410.22552,2024
2410.22584,2024
2410.22916,2024
2410.22932,2024
2410.23022,2024
2410.24032,2024
2411.00028,2024
2411.00046,2024
2411.00053,2024
2411.00248,2024
2411.00427,2024
2411.00784,2024
2411.00816,2024
2411.00927,2024
2411.01114,2024
2411.01511,2024
2411.01643,2024
2411.01747,2024
2411.02223,2024
2411.02337,2024
2411.02599,2024
2411.02937,2024
2411.03395,2024
2411.03397,2024
2411.03817,2024
2411.04329,2024
2411.04535,2024
2411.05194,2024
2411.05423,2024
2411.05762,2024
2411.05990,2024
2411.06159,2024
2411.07407,2024
2411.07464,2024
2411.07656,2024
2411.08432,2024
2411.09972,2024
2411.10681,2024
2411.10753,2024
2411.10869,2024
2411.11496,2024
2411.11581,2024
2411.11910,2024
2411.12977,2024
2411.13451,2024
2411.13902,2024
2411.13904,2024
2411.14461,2024
2411.14484,2024
2411.14485,2024
2411.14497,2024
2411.15004,2024
2411.16707,2024
2411.18915,2024
2411.19443,2024
2411.19539,2024
2411.19547,2024
2412.00652,2024
2412.01605,2024
2412.01752,2024
2412.02205,2024
2412.03801,2024
2412.04141,2024
2412.04859,2024
2412.04937,2024
2412.05449,2024
2412.05631,2024
2412.05850,2024
2412.06162,2024
2412.06229,2024
2412.06412,2024
2412.06724,2024
2412.06828,2024
2412.07144,2024
2412.09429,2024
2412.09596,2024
2412.09605,2024
2412.09796,2024
2412.10415,2024
2412.10419,2024
2412.10422,2024
2412.10425,2024
2412.10434,2024
2412.10510,2024
2412.10742,2024
2412.11063,2024
2412.11167,2024
2412.11713,2024
2412.11716,2024
2412.12166,2024
2412.12358,2024
2412.12475,2024
2412.12898,2024
2412.13471,2024
2412.13549,2024
2412.14161,2024
2412.14769,2024
2412.15242,2024
2412.15274,2024
2412.15462,2024
2412.15701,2024
2412.16172,2024
2412.16176,2024
2412.16682,2024
2412.16844,2024
2412.16943,2024
2412.17061,2024
2412.17149,2024
2412.17339,2024
2412.17498,2024
2412.17867,2024
2412.18072,2024
2412.18093,2024
2412.18351,2024
2412.18428,2024
2412.18690,2024
2412.19723,2024
2412.20005,2024
2412.20145,2024
2412.20735,2024
2412.21139,2024
2412.21154,2024
2501.00224,2025
2501.00332,2025
2501.00430,2025
2501.00830,2025
2501.00888,2025
2501.01205,2025
2501.01702,2025
2501.01741,2025
2501.02031,2025
2501.02342,2025
2501.02348,2025
2501.02997,2025
2501.04227,2025
2501.04575,2025
2501.05255,2025
2501.05464,2025
2501.05468,2025
2501.05475,2025
2501.05478,2025
2501.06189,2025
2501.06193,2025
2501.07572,2025
2501.07813,2025
2501.08406,2025
2501.09426,2025
2501.09993,2025
2501.11107,2025
2501.11233,2025
2501.11613,2025
2501.12051,2025
2501.12399,2025
2501.12539,2025
2501.12909,2025
2501.13896,2025
2501.13946,2025
2501.14082,2025
2501.14731,2025
2501.15056,2025
2501.16327,2025
2501.16607,2025
2501.17104,2025
2501.18816,2025
2501.18922,2025
2502.00322,2025
2502.00406,2025
2502.00415,2025
2502.00988,2025
2502.00989,2025
2502.01344,2025
2502.01390,2025
2502.02066,2025
2502.02067,2025
2502.02533,2025
2502.02534,2025
2502.02807,2025
2502.03283,2025
2502.04180,2025
2502.04306,2025
2502.04376,2025
2502.04392,2025
2502.04485,2025
2502.04644,2025
2502.04790,2025
2502.05036,2025
2502.05439,2025
2502.05664,2025
2502.05957,2025
2502.06060,2025
2502.06205,2025
2502.06472,2025
2502.06882,2025
2502.07128,2025
2502.07165,2025
2502.07373,2025
2502.07487,2025
2502.08820,2025
2502.09369,2025
2502.09858,2025
2502.10857,2025
2502.10937,2025
2502.10996,2025
2502.11140,2025
2502.11271,2025
2502.11404,2025
2502.11705,2025
2502.11733,2025
2502.11799,2025
2502.11882,2025
2502.12149,2025
2502.12486,2025
2502.12561,2025
2502.12568,2025
2502.12767,2025
2502.12836,2025
2502.12929,2025
2502.13001,2025
2502.13025,2025
2502.13127,2025
2502.13298,2025
2502.13310,2025
2502.13311,2025
2502.13428,2025
2502.13681,2025
2502.13920,2025
2502.13957,2025
2502.13959,2025
2502.14145,2025
2502.14276,2025
2502.14496,2025
2502.14499,2025
2502.14693,2025
2502.14765,2025
2502.14767,2025
2502.14848,2025
2502.15359,2025
2502.15412,2025
2502.15690,2025
2502.15920,2025
2502.15964,2025
2502.16565,2025
2502.16810,2025
2502.17543,2025
2502.17651,2025
2502.17924,2025
2502.17967,2025
2502.18228,2025
2502.18407,2025
2502.18471,2025
2502.18531,2025
2502.18673,2025
2502.18873,2025
2502.19175,2025
2502.19279,2025
2502.19400,2025
2502.19500,2025
2502.19860,2025
2502.20140,2025
2502.20301,2025
2502.20335,2025
2502.20541,2025
2502.20689,2025
2502.21087,2025
2503.00162,2025
2503.00566,2025
2503.01490,2025
2503.01829,2025
2503.01935,2025
2503.01940,2025
2503.02197,2025
2503.02519,2025
2503.02628,2025
2503.02682,2025
2503.03205,2025
2503.03686,2025
2503.03800,2025
2503.04629,2025
2503.04768,2025
2503.04787,2025
2503.04827,2025
2503.04875,2025
2503.05242,2025
2503.05347,2025
2503.05592,2025
2503.05641,2025
2503.05793,2025
2503.06074,2025
2503.07036,2025
2503.07044,2025
2503.07237,2025
2503.08162,2025
2503.08275,2025
2503.08506,2025
2503.09089,2025
2503.09501,2025
2503.09572,2025
2503.09639,2025
2503.10689,2025
2503.11237,2025
2503.11346,2025
2503.11664,2025
2503.11739,2025
2503.13205,2025
2503.13514,2025
2503.13524,2025
2503.13553,2025
2503.14269,2025
2503.14408,2025
2503.14484,2025
2503.14620,2025
2503.15235,2025
2503.15272,2025
2503.15521,2025
2503.15552,2025
2503.16024,2025
2503.16463,2025
2503.16505,2025
2503.16814,2025
2503.16874,2025
2503.17553,2025
2503.17684,2025
2503.17753,2025
2503.18102,2025
2503.18492,2025
2503.18494,2025
2503.18666,2025
2503.18891,2025
2503.19271,2025
2503.20201,2025
2503.20279,2025
2503.20666,2025
2503.20791,2025
2503.20978,2025
2503.21080,2025
2503.21263,2025
2503.21683,2025
2503.21720,2025
2503.21735,2025
2503.21760,2025
2503.22038,2025
2503.22122,2025
2503.22424,2025
2503.22473,2025
2503.22678,2025
2503.22708,2025
2503.22726,2025
2503.23314,2025
2503.23415,2025
2503.24228,2025
2504.00255,2025
2504.00406,2025
2504.00587,2025
2504.00824,2025
2504.01911,2025
2504.02051,2025
2504.02128,2025
2504.02670,2025
2504.02867,2025
2504.02870,2025
2504.02891,2025
2504.02965,2025
2504.03160,2025
2504.03174,2025
2504.03561,2025
2504.03991,2025
2504.05104,2025
2504.05527,2025
2504.05862,2025
2504.06196,2025
2504.06260,2025
2504.06271,2025
2504.07304,2025
2504.07385,2025
2504.07421,2025
2504.07643,2025
2504.07830,2025
2504.08066,2025
2504.08525,2025
2504.08694,2025
2504.08725,2025
2504.09407,2025
2504.09602,2025
2504.09689,2025
2504.09723,2025
2504.09737,2025
2504.09781,2025
2504.10036,2025
2504.10055,2025
2504.10127,2025
2504.10157,2025
2504.10458,2025
2504.11243,2025
2504.11536,2025
2504.11571,2025
2504.11788,2025
2504.12322,2025
2504.12330,2025
2504.12477,2025
2504.12563,2025
2504.12682,2025
2504.12734,2025
2504.13079,2025
2504.13203,2025
2504.13472,2025
2504.13847,2025
2504.14110,2025
2504.14239,2025
2504.14538,2025
2504.14594,2025
2504.14597,2025
2504.14822,2025
2504.14928,2025
2504.16073,2025
2504.16728,2025
2504.16855,2025
2504.16918,2025
2504.17192,2025
2504.17200,2025
